comuna,id,ica,fecha
comuna 12,13903,40,2024-06-23
comuna 1,40480,78,2024-07-31
comuna 12,29741,95,2024-07-31
comuna 3,49739,68,2024-01-30
comuna 12,15933,34,2024-07-31
comuna 8,32668,19,2024-07-31
comuna 13,24667,84,2024-07-31
comuna 16,24401,94,2024-01-30
comuna 15,10095,73,2024-06-23
comuna 4,12174,72,2024-06-25
comuna 5,38329,23,2024-01-30
comuna 2,20041,95,2024-01-30
comuna 2,20347,85,2024-06-25
comuna 11,19532,73,2024-01-30
comuna 4,1869,47,2024-01-30
comuna 1,28675,85,2024-07-31
comuna 16,19770,86,2024-06-25
comuna 1,29989,83,2024-06-23
comuna 6,4387,66,2024-07-31
comuna 9,47209,94,2024-06-23
comuna 5,20552,58,2024-07-31
comuna 15,14419,38,2024-07-31
comuna 5,11954,23,2024-06-23
comuna 11,24689,99,2024-01-30
comuna 10,45195,51,2024-01-30
comuna 8,13763,83,2024-01-30
comuna 16,20531,48,2024-01-30
comuna 8,12024,63,2024-06-23
comuna 7,41006,71,2024-01-30
comuna 3,14272,32,2024-07-31
comuna 1,25590,35,2024-06-23
comuna 6,32787,55,2024-01-30
comuna 10,28720,29,2024-06-25
comuna 8,7332,79,2024-06-23
comuna 8,37609,34,2024-06-25
comuna 10,27851,59,2024-06-23
comuna 6,18156,55,2024-01-30
comuna 3,34327,61,2024-01-30
comuna 16,42382,89,2024-06-25
comuna 7,17882,42,2024-07-31
comuna 8,8944,27,2024-07-31
comuna 8,13205,99,2024-06-23
comuna 3,6631,28,2024-06-23
comuna 9,564,100,2024-06-25
comuna 12,46499,13,2024-06-23
comuna 12,10043,55,2024-07-31
comuna 10,4773,89,2024-01-30
comuna 15,18558,95,2024-07-31
comuna 5,42336,25,2024-06-23
comuna 7,40902,29,2024-06-23
comuna 10,7555,70,2024-07-31
comuna 13,38097,34,2024-06-25
comuna 8,29879,82,2024-07-31
comuna 14,14555,72,2024-01-30
comuna 13,32020,75,2024-06-25
comuna 11,41435,93,2024-07-31
comuna 15,48425,11,2024-01-30
comuna 14,3066,24,2024-06-23
comuna 8,21322,91,2024-01-30
comuna 11,25101,43,2024-06-23
comuna 7,22330,81,2024-06-25
comuna 7,34423,97,2024-06-23
comuna 4,9427,82,2024-01-30
comuna 14,5355,62,2024-06-25
comuna 2,488,37,2024-06-25
comuna 14,34819,50,2024-01-30
comuna 6,23468,66,2024-07-31
comuna 8,10115,38,2024-06-25
comuna 6,48127,66,2024-06-23
comuna 9,9900,74,2024-07-31
comuna 13,49246,14,2024-06-23
comuna 6,5676,90,2024-06-25
comuna 15,44153,21,2024-01-30
comuna 3,42914,52,2024-07-31
comuna 10,6886,45,2024-06-23
comuna 12,49839,28,2024-01-30
comuna 5,39227,47,2024-06-23
comuna 4,45910,72,2024-06-23
comuna 14,47055,43,2024-06-25
comuna 12,28104,79,2024-06-23
comuna 12,39622,46,2024-07-31
comuna 2,4682,94,2024-06-23
comuna 12,13164,10,2024-01-30
comuna 14,19378,55,2024-06-23
comuna 8,34013,87,2024-06-23
comuna 14,40156,68,2024-07-31
comuna 5,20568,68,2024-06-25
comuna 5,37904,55,2024-07-31
comuna 16,31522,39,2024-01-30
comuna 5,25210,45,2024-01-30
comuna 14,44896,35,2024-01-30
comuna 14,16487,42,2024-07-31
comuna 7,22539,30,2024-06-25
comuna 14,856,23,2024-01-30
comuna 5,31175,49,2024-07-31
comuna 7,22312,28,2024-07-31
comuna 2,26003,63,2024-01-30
comuna 6,44991,27,2024-07-31
comuna 1,36925,23,2024-01-30
comuna 2,16240,57,2024-06-23
comuna 1,39451,52,2024-07-31
comuna 1,34265,74,2024-06-25
comuna 6,47256,27,2024-07-31
comuna 5,11133,83,2024-07-31
comuna 3,43603,89,2024-06-25
comuna 12,46886,18,2024-01-30
comuna 16,27428,73,2024-06-25
comuna 10,41891,66,2024-06-23
comuna 10,11492,95,2024-06-23
comuna 13,30922,57,2024-01-30
comuna 1,38521,38,2024-06-23
comuna 4,30256,27,2024-06-23
comuna 3,26779,81,2024-07-31
comuna 3,33688,65,2024-01-30
comuna 4,36138,100,2024-07-31
comuna 14,27343,90,2024-06-23
comuna 16,18341,97,2024-06-23
comuna 9,13078,17,2024-06-23
comuna 10,10819,60,2024-01-30
comuna 13,36881,33,2024-07-31
comuna 1,28745,72,2024-06-23
comuna 6,19172,78,2024-06-23
comuna 9,32613,67,2024-01-30
comuna 6,47714,52,2024-07-31
comuna 6,26465,92,2024-06-25
comuna 11,4003,42,2024-07-31
comuna 16,3260,71,2024-07-31
comuna 2,18146,82,2024-06-23
comuna 5,8240,63,2024-06-23
comuna 7,38782,12,2024-06-23
comuna 7,48989,96,2024-01-30
comuna 7,30703,83,2024-01-30
comuna 8,31204,95,2024-07-31
comuna 15,41781,82,2024-06-25
comuna 15,13616,49,2024-01-30
comuna 12,48759,94,2024-06-23
comuna 12,28564,37,2024-01-30
comuna 14,1736,94,2024-07-31
comuna 9,15453,81,2024-01-30
comuna 7,14698,17,2024-07-31
comuna 16,31982,58,2024-07-31
comuna 9,45821,92,2024-01-30
comuna 1,18410,41,2024-06-23
comuna 7,8144,75,2024-01-30
comuna 7,16579,67,2024-06-25
comuna 8,17922,24,2024-06-23
comuna 10,17742,42,2024-07-31
comuna 12,23158,71,2024-06-25
comuna 1,45692,50,2024-06-25
comuna 16,10374,97,2024-01-30
comuna 14,20909,14,2024-06-23
comuna 8,874,19,2024-06-23
comuna 10,31805,46,2024-01-30
comuna 11,13552,70,2024-07-31
comuna 11,6949,88,2024-06-23
comuna 14,24607,39,2024-07-31
comuna 6,38612,51,2024-01-30
comuna 10,829,47,2024-06-25
comuna 15,29466,40,2024-06-25
comuna 6,24735,67,2024-07-31
comuna 2,26165,93,2024-01-30
comuna 8,36875,33,2024-01-30
comuna 15,19030,69,2024-06-25
comuna 2,4291,50,2024-06-23
comuna 7,19775,38,2024-06-23
comuna 16,28522,71,2024-06-23
comuna 2,5638,67,2024-07-31
comuna 13,49031,37,2024-01-30
comuna 11,13430,86,2024-06-25
comuna 11,30230,17,2024-01-30
comuna 4,15198,54,2024-06-23
comuna 16,45349,79,2024-06-25
comuna 4,4148,34,2024-06-23
comuna 12,9376,57,2024-07-31
comuna 15,26451,19,2024-07-31
comuna 13,30051,94,2024-01-30
comuna 10,27655,16,2024-06-25
comuna 7,47424,93,2024-06-25
comuna 1,2034,38,2024-07-31
comuna 5,4984,27,2024-07-31
comuna 15,3242,75,2024-01-30
comuna 14,1978,96,2024-07-31
comuna 16,7709,42,2024-06-25
comuna 7,40145,63,2024-06-23
comuna 14,30130,100,2024-06-23
comuna 9,4060,93,2024-06-23
comuna 13,3613,38,2024-01-30
comuna 15,31678,43,2024-06-25
comuna 16,42113,48,2024-06-25
comuna 15,43619,84,2024-07-31
comuna 14,34454,61,2024-06-23
comuna 16,32248,74,2024-01-30
comuna 1,34973,64,2024-06-25
comuna 16,44811,14,2024-06-25
comuna 12,2484,49,2024-06-23
comuna 11,1184,77,2024-01-30
comuna 1,35725,67,2024-01-30
comuna 13,12120,47,2024-07-31
comuna 16,3867,18,2024-06-25
comuna 15,37370,37,2024-06-25
comuna 8,27691,83,2024-06-23
comuna 2,25457,61,2024-06-23
comuna 14,47961,70,2024-06-23
comuna 6,47359,77,2024-07-31
comuna 5,15246,22,2024-06-23
comuna 6,31606,42,2024-07-31
comuna 6,30052,49,2024-06-23
comuna 14,9967,60,2024-07-31
comuna 4,22233,24,2024-01-30
comuna 13,13881,55,2024-06-25
comuna 11,32219,67,2024-06-25
comuna 7,23402,91,2024-01-30
comuna 7,23196,35,2024-01-30
comuna 7,33730,76,2024-06-25
comuna 5,23150,21,2024-07-31
comuna 13,2523,23,2024-06-23
comuna 11,27793,24,2024-06-23
comuna 5,40479,15,2024-01-30
comuna 16,32872,77,2024-01-30
comuna 12,16508,47,2024-06-25
comuna 2,20049,55,2024-01-30
comuna 15,35524,47,2024-07-31
comuna 11,12259,34,2024-07-31
comuna 10,10482,88,2024-06-25
comuna 16,17245,41,2024-06-25
comuna 13,15924,59,2024-06-23
comuna 16,41558,74,2024-06-23
comuna 4,7130,64,2024-06-23
comuna 8,43119,15,2024-01-30
comuna 13,11639,87,2024-01-30
comuna 4,33512,82,2024-06-25
comuna 4,43540,22,2024-07-31
comuna 16,24206,48,2024-01-30
comuna 12,42507,31,2024-06-23
comuna 8,35779,73,2024-06-25
comuna 5,29204,20,2024-01-30
comuna 6,2529,13,2024-06-23
comuna 4,21765,77,2024-06-23
comuna 15,23456,88,2024-01-30
comuna 9,17648,96,2024-07-31
comuna 4,17763,97,2024-07-31
comuna 8,44289,47,2024-07-31
comuna 10,44472,35,2024-07-31
comuna 2,44827,68,2024-07-31
comuna 14,48413,45,2024-06-25
comuna 7,18543,62,2024-06-25
comuna 12,11515,80,2024-06-25
comuna 15,12813,56,2024-07-31
comuna 16,1553,86,2024-01-30
comuna 7,38002,83,2024-06-25
comuna 16,7292,44,2024-06-23
comuna 14,23534,64,2024-01-30
comuna 7,25373,80,2024-01-30
comuna 10,37190,81,2024-07-31
comuna 1,23316,18,2024-06-25
comuna 9,19488,72,2024-06-23
comuna 1,39035,66,2024-07-31
comuna 1,29836,48,2024-06-23
comuna 8,14321,77,2024-07-31
comuna 3,28746,92,2024-07-31
comuna 12,19946,10,2024-06-23
comuna 14,43812,22,2024-06-23
comuna 12,20654,64,2024-06-25
comuna 14,27338,85,2024-06-23
comuna 6,28708,81,2024-06-23
comuna 4,19620,14,2024-01-30
comuna 16,16467,43,2024-06-23
comuna 7,4708,62,2024-06-25
comuna 8,9757,10,2024-06-25
comuna 5,27908,57,2024-01-30
comuna 13,15576,84,2024-01-30
comuna 6,25263,20,2024-06-23
comuna 5,320,98,2024-06-23
comuna 12,1071,82,2024-06-23
comuna 6,2571,68,2024-06-25
comuna 15,8786,26,2024-06-23
comuna 10,16844,23,2024-06-23
comuna 15,9191,80,2024-06-23
comuna 7,20810,37,2024-06-25
comuna 3,33549,71,2024-06-25
comuna 15,673,68,2024-01-30
comuna 10,7053,42,2024-01-30
comuna 16,417,10,2024-06-23
comuna 2,7503,75,2024-06-25
comuna 10,21242,89,2024-06-23
comuna 6,24012,68,2024-06-23
comuna 8,45241,40,2024-01-30
comuna 10,6031,66,2024-06-25
comuna 6,31750,45,2024-07-31
comuna 7,43435,38,2024-06-25
comuna 16,49041,40,2024-06-25
comuna 6,1961,57,2024-07-31
comuna 11,12597,48,2024-01-30
comuna 5,39136,90,2024-06-23
comuna 11,18170,90,2024-06-23
comuna 13,22189,67,2024-07-31
comuna 6,49235,10,2024-06-23
comuna 11,29556,32,2024-07-31
comuna 2,33893,77,2024-06-25
comuna 7,40739,53,2024-07-31
comuna 10,32070,45,2024-07-31
comuna 11,5844,96,2024-01-30
comuna 5,19405,47,2024-07-31
comuna 7,5229,64,2024-07-31
comuna 5,36283,61,2024-06-25
comuna 12,23119,59,2024-06-23
comuna 16,23110,24,2024-06-25
comuna 16,6995,22,2024-06-23
comuna 12,11822,15,2024-06-23
comuna 11,20141,68,2024-06-25
comuna 10,1793,79,2024-01-30
comuna 12,39644,33,2024-01-30
comuna 12,22361,13,2024-01-30
comuna 1,8674,39,2024-01-30
comuna 6,18338,19,2024-06-25
comuna 7,39031,55,2024-01-30
comuna 5,11665,69,2024-07-31
comuna 11,38041,80,2024-06-25
comuna 1,40001,57,2024-01-30
comuna 11,24660,75,2024-06-25
comuna 2,12836,27,2024-07-31
comuna 16,37549,50,2024-01-30
comuna 16,36939,45,2024-07-31
comuna 8,19055,32,2024-06-25
comuna 5,16208,30,2024-01-30
comuna 2,16129,31,2024-06-23
comuna 2,10034,18,2024-06-25
comuna 3,11818,47,2024-06-25
comuna 4,39449,99,2024-06-23
comuna 3,45462,27,2024-07-31
comuna 12,28913,25,2024-07-31
comuna 2,49732,92,2024-07-31
comuna 9,39196,93,2024-07-31
comuna 16,17888,25,2024-06-25
comuna 6,41471,36,2024-07-31
comuna 11,23021,44,2024-01-30
comuna 1,18201,27,2024-06-23
comuna 1,1231,74,2024-06-23
comuna 2,36892,54,2024-07-31
comuna 13,43070,11,2024-01-30
comuna 8,43631,99,2024-01-30
comuna 5,15033,87,2024-07-31
comuna 15,46111,91,2024-06-25
comuna 7,45385,32,2024-07-31
comuna 8,23906,34,2024-06-25
comuna 11,39077,38,2024-06-23
comuna 11,32485,58,2024-01-30
comuna 15,2045,70,2024-01-30
comuna 11,11282,15,2024-07-31
comuna 1,48000,78,2024-07-31
comuna 9,36324,96,2024-07-31
comuna 1,11934,47,2024-01-30
comuna 3,33153,83,2024-01-30
comuna 4,9728,11,2024-06-23
comuna 7,5477,51,2024-06-23
comuna 11,11930,23,2024-06-25
comuna 6,8638,22,2024-01-30
comuna 4,6373,99,2024-07-31
comuna 12,25904,31,2024-07-31
comuna 7,41530,93,2024-01-30
comuna 13,30163,62,2024-06-23
comuna 3,11784,35,2024-07-31
comuna 15,17093,94,2024-06-23
comuna 2,23065,57,2024-01-30
comuna 6,15375,67,2024-06-25
comuna 11,11841,58,2024-07-31
comuna 3,43802,87,2024-06-23
comuna 4,35395,31,2024-01-30
comuna 13,5142,70,2024-06-25
comuna 6,6244,56,2024-06-23
comuna 2,43179,21,2024-07-31
comuna 9,2723,86,2024-06-23
comuna 2,19897,98,2024-07-31
comuna 9,15165,71,2024-07-31
comuna 4,23738,38,2024-06-25
comuna 8,16511,79,2024-06-23
comuna 16,48457,100,2024-06-23
comuna 15,13434,79,2024-07-31
comuna 4,36603,78,2024-06-23
comuna 15,34679,55,2024-06-23
comuna 10,49445,48,2024-06-25
comuna 13,42143,17,2024-06-23
comuna 14,8232,82,2024-06-23
comuna 15,21619,20,2024-01-30
comuna 8,6541,60,2024-06-23
comuna 6,39407,21,2024-01-30
comuna 11,14386,62,2024-07-31
comuna 6,10208,43,2024-07-31
comuna 9,46676,14,2024-06-25
comuna 8,8242,69,2024-06-25
comuna 7,16725,72,2024-01-30
comuna 12,9201,46,2024-01-30
comuna 3,495,78,2024-01-30
comuna 13,11475,95,2024-07-31
comuna 9,9283,67,2024-06-25
comuna 11,46353,66,2024-07-31
comuna 7,5200,79,2024-01-30
comuna 10,40043,47,2024-06-23
comuna 7,22043,95,2024-01-30
comuna 8,36633,10,2024-06-23
comuna 9,45761,29,2024-07-31
comuna 3,36212,95,2024-06-25
comuna 2,25126,41,2024-01-30
comuna 7,36774,89,2024-01-30
comuna 6,2630,78,2024-06-25
comuna 10,26459,26,2024-01-30
comuna 4,43876,72,2024-01-30
comuna 3,38816,48,2024-07-31
comuna 2,49462,15,2024-01-30
comuna 1,39968,30,2024-06-23
comuna 16,4209,88,2024-01-30
comuna 7,30200,94,2024-07-31
comuna 10,3244,58,2024-07-31
comuna 14,40884,51,2024-01-30
comuna 2,18096,84,2024-07-31
comuna 1,35729,34,2024-07-31
comuna 13,23007,23,2024-07-31
comuna 4,29974,76,2024-06-23
comuna 7,33065,21,2024-06-23
comuna 2,44076,31,2024-01-30
comuna 16,8989,81,2024-06-25
comuna 15,12169,71,2024-06-25
comuna 11,25871,90,2024-07-31
comuna 12,34768,92,2024-06-23
comuna 15,13648,54,2024-06-23
comuna 10,12611,39,2024-06-23
comuna 1,25503,72,2024-06-23
comuna 14,38133,11,2024-07-31
comuna 5,22954,38,2024-07-31
comuna 8,167,98,2024-06-23
comuna 2,6216,84,2024-06-23
comuna 13,8725,48,2024-07-31
comuna 1,45912,25,2024-07-31
comuna 6,29464,37,2024-01-30
comuna 1,38138,43,2024-01-30
comuna 6,28074,53,2024-07-31
comuna 12,43271,12,2024-01-30
comuna 15,35271,92,2024-06-23
comuna 9,25637,54,2024-06-25
comuna 7,29023,59,2024-01-30
comuna 7,38818,47,2024-06-23
comuna 12,46892,73,2024-01-30
comuna 4,40421,30,2024-06-25
comuna 3,31788,30,2024-06-23
comuna 14,8223,72,2024-01-30
comuna 13,47594,61,2024-06-25
comuna 4,36602,48,2024-07-31
comuna 10,13890,27,2024-01-30
comuna 10,14009,43,2024-06-25
comuna 14,41703,32,2024-06-23
comuna 4,41224,48,2024-06-23
comuna 14,48778,85,2024-06-23
comuna 9,24276,56,2024-06-25
comuna 7,13684,99,2024-06-23
comuna 10,28816,82,2024-06-25
comuna 6,40853,88,2024-01-30
comuna 3,23920,78,2024-01-30
comuna 8,39785,90,2024-01-30
comuna 9,32599,53,2024-06-23
comuna 1,24797,88,2024-06-23
comuna 9,27406,50,2024-06-25
comuna 3,43786,93,2024-01-30
comuna 3,37853,43,2024-07-31
comuna 9,39789,63,2024-06-23
comuna 3,21049,27,2024-07-31
comuna 14,23675,42,2024-06-25
comuna 1,31445,59,2024-06-25
comuna 6,18473,21,2024-06-25
comuna 3,36008,50,2024-07-31
comuna 16,6587,38,2024-07-31
comuna 1,16341,84,2024-07-31
comuna 3,41378,73,2024-06-25
comuna 11,46449,60,2024-01-30
comuna 9,8454,85,2024-01-30
comuna 11,42578,16,2024-07-31
comuna 3,35297,66,2024-06-25
comuna 16,42893,17,2024-01-30
comuna 12,20429,49,2024-07-31
comuna 8,48897,51,2024-06-25
comuna 9,25279,40,2024-06-25
comuna 7,43962,76,2024-06-25
comuna 8,49378,39,2024-01-30
comuna 14,6573,88,2024-06-23
comuna 15,17128,61,2024-06-23
comuna 5,38257,31,2024-06-25
comuna 4,28862,20,2024-06-23
comuna 13,6111,22,2024-06-23
comuna 7,37359,100,2024-06-23
comuna 9,34107,32,2024-06-25
comuna 9,47236,52,2024-06-23
comuna 9,12391,31,2024-06-23
comuna 10,28876,79,2024-01-30
comuna 10,17523,77,2024-06-23
comuna 4,36429,23,2024-01-30
comuna 3,30785,18,2024-06-25
comuna 11,13902,41,2024-01-30
comuna 5,36678,100,2024-01-30
comuna 14,9040,18,2024-07-31
comuna 1,19720,23,2024-01-30
comuna 13,14380,31,2024-06-25
comuna 16,38811,82,2024-07-31
comuna 9,11488,31,2024-07-31
comuna 9,10734,44,2024-01-30
comuna 3,10823,48,2024-06-23
comuna 3,36684,73,2024-07-31
comuna 3,877,26,2024-06-23
comuna 6,25813,94,2024-01-30
comuna 13,49377,33,2024-01-30
comuna 3,44521,38,2024-01-30
comuna 2,36547,40,2024-07-31
comuna 6,19047,84,2024-06-23
comuna 9,10660,44,2024-01-30
comuna 8,38144,56,2024-06-25
comuna 12,9262,88,2024-06-23
comuna 15,14274,27,2024-06-23
comuna 14,34709,46,2024-06-25
comuna 6,10513,44,2024-07-31
comuna 1,2992,35,2024-06-23
comuna 7,48077,100,2024-07-31
comuna 8,22407,79,2024-01-30
comuna 2,16955,38,2024-01-30
comuna 16,28308,81,2024-06-25
comuna 12,34814,34,2024-01-30
comuna 16,13096,18,2024-01-30
comuna 8,39066,86,2024-07-31
comuna 8,23165,84,2024-01-30
comuna 8,43859,94,2024-06-23
comuna 9,4771,72,2024-01-30
comuna 6,22741,54,2024-07-31
comuna 5,19453,43,2024-06-23
comuna 3,25768,21,2024-06-25
comuna 10,47688,59,2024-06-23
comuna 5,37105,74,2024-06-25
comuna 12,26095,23,2024-06-23
comuna 7,3087,59,2024-07-31
comuna 6,47688,67,2024-06-23
comuna 14,2693,44,2024-06-25
comuna 6,682,14,2024-07-31
comuna 1,1551,90,2024-07-31
comuna 15,29555,56,2024-07-31
comuna 11,36148,59,2024-07-31
comuna 12,35614,95,2024-06-25
comuna 2,38941,52,2024-06-25
comuna 2,43523,88,2024-07-31
comuna 3,18565,62,2024-01-30
comuna 12,4268,43,2024-07-31
comuna 6,28956,76,2024-06-23
comuna 8,47192,72,2024-06-23
comuna 12,7080,75,2024-06-25
comuna 13,30298,29,2024-01-30
comuna 13,28003,82,2024-06-23
comuna 14,5294,38,2024-06-25
comuna 8,21200,95,2024-07-31
comuna 4,13806,76,2024-01-30
comuna 10,31164,11,2024-07-31
comuna 15,14458,25,2024-06-25
comuna 13,49070,87,2024-06-23
comuna 2,48038,25,2024-01-30
comuna 5,3503,11,2024-06-25
comuna 9,6694,10,2024-07-31
comuna 14,40991,82,2024-06-23
comuna 8,13400,66,2024-06-23
comuna 12,47200,79,2024-01-30
comuna 10,36344,33,2024-07-31
comuna 4,2759,72,2024-01-30
comuna 2,15033,49,2024-06-25
comuna 11,32722,40,2024-06-23
comuna 3,559,89,2024-06-23
comuna 10,35317,20,2024-06-23
comuna 13,20533,100,2024-07-31
comuna 8,22544,33,2024-07-31
comuna 15,19932,95,2024-06-25
comuna 1,34091,68,2024-01-30
comuna 1,4685,76,2024-06-25
comuna 16,9540,27,2024-06-25
comuna 1,39139,82,2024-06-25
comuna 14,21154,66,2024-07-31
comuna 12,38407,53,2024-01-30
comuna 10,1891,28,2024-01-30
comuna 15,35334,34,2024-06-23
comuna 16,25060,37,2024-06-23
comuna 13,7744,76,2024-07-31
comuna 10,32701,96,2024-06-25
comuna 15,31851,57,2024-07-31
comuna 13,4953,34,2024-01-30
comuna 3,29523,59,2024-01-30
comuna 8,48613,88,2024-01-30
comuna 12,29695,66,2024-07-31
comuna 7,27893,53,2024-06-25
comuna 16,43483,88,2024-06-23
comuna 6,26957,85,2024-06-23
comuna 13,10185,38,2024-01-30
comuna 3,15836,98,2024-06-25
comuna 8,16306,97,2024-06-25
comuna 8,6307,43,2024-01-30
comuna 16,42244,77,2024-06-23
comuna 9,34790,39,2024-06-25
comuna 16,18720,44,2024-07-31
comuna 1,7965,19,2024-01-30
comuna 5,35927,46,2024-06-23
comuna 16,47916,27,2024-06-25
comuna 3,25602,92,2024-06-25
comuna 4,33909,92,2024-06-25
comuna 16,1119,20,2024-06-23
comuna 5,22270,76,2024-06-25
comuna 9,35064,64,2024-07-31
comuna 13,12193,29,2024-06-25
comuna 13,17165,39,2024-07-31
comuna 13,15322,51,2024-06-25
comuna 10,5789,51,2024-07-31
comuna 7,288,32,2024-01-30
comuna 13,15828,74,2024-07-31
comuna 6,32754,14,2024-06-23
comuna 15,4948,71,2024-01-30
comuna 3,21685,62,2024-07-31
comuna 11,49191,11,2024-01-30
comuna 2,9332,45,2024-06-25
comuna 3,32281,45,2024-07-31
comuna 9,40694,54,2024-06-25
comuna 15,40777,49,2024-07-31
comuna 7,20473,48,2024-06-23
comuna 11,19443,36,2024-06-23
comuna 12,26687,80,2024-06-25
comuna 12,6176,97,2024-06-23
comuna 8,6977,41,2024-06-23
comuna 9,24891,34,2024-07-31
comuna 5,30669,100,2024-06-23
comuna 15,31427,30,2024-01-30
comuna 9,27916,88,2024-06-23
comuna 13,5592,74,2024-07-31
comuna 7,20789,97,2024-06-23
comuna 12,3006,22,2024-07-31
comuna 10,48398,99,2024-06-23
comuna 11,13386,37,2024-07-31
comuna 6,47002,30,2024-06-25
comuna 15,26987,96,2024-07-31
comuna 1,46930,95,2024-07-31
comuna 3,40511,26,2024-01-30
comuna 5,3863,58,2024-01-30
comuna 15,4547,76,2024-01-30
comuna 16,31182,14,2024-06-23
comuna 4,38027,41,2024-07-31
comuna 10,2052,41,2024-06-25
comuna 16,25033,31,2024-01-30
comuna 8,31106,42,2024-06-25
comuna 3,34043,84,2024-06-23
comuna 12,36227,56,2024-07-31
comuna 6,28049,94,2024-06-23
comuna 9,22450,89,2024-06-23
comuna 12,6826,100,2024-06-25
comuna 14,33254,53,2024-07-31
comuna 8,3421,70,2024-06-23
comuna 1,35502,17,2024-06-23
comuna 11,3004,94,2024-01-30
comuna 11,48150,72,2024-01-30
comuna 12,20587,61,2024-01-30
comuna 13,15511,90,2024-01-30
comuna 10,35555,23,2024-06-25
comuna 4,24004,44,2024-06-23
comuna 2,43554,38,2024-07-31
comuna 9,47293,59,2024-06-25
comuna 5,23870,20,2024-01-30
comuna 5,13231,93,2024-06-23
comuna 11,37040,40,2024-06-23
comuna 1,38034,15,2024-07-31
comuna 2,10350,39,2024-06-25
comuna 6,21364,47,2024-06-25
comuna 3,6773,10,2024-01-30
comuna 12,2410,58,2024-07-31
comuna 8,17808,14,2024-01-30
comuna 13,12779,44,2024-07-31
comuna 12,40277,72,2024-01-30
comuna 2,33157,31,2024-06-25
comuna 11,28677,67,2024-01-30
comuna 9,49639,73,2024-07-31
comuna 11,42844,94,2024-07-31
comuna 1,26465,69,2024-07-31
comuna 9,31122,74,2024-07-31
comuna 6,12497,15,2024-06-25
comuna 1,8947,11,2024-07-31
comuna 16,192,61,2024-07-31
comuna 7,49391,69,2024-06-25
comuna 1,13125,33,2024-01-30
comuna 10,9895,63,2024-06-23
comuna 13,23078,42,2024-01-30
comuna 6,37809,24,2024-06-23
comuna 5,31143,79,2024-06-25
comuna 12,3061,81,2024-01-30
comuna 7,2572,55,2024-01-30
comuna 12,11667,17,2024-06-25
comuna 2,2903,64,2024-07-31
comuna 4,5293,85,2024-07-31
comuna 2,42298,16,2024-06-25
comuna 8,26790,76,2024-07-31
comuna 2,22324,95,2024-07-31
comuna 13,45006,40,2024-07-31
comuna 10,44913,62,2024-01-30
comuna 2,5247,78,2024-01-30
comuna 9,703,55,2024-01-30
comuna 8,35202,13,2024-06-25
comuna 13,32423,31,2024-06-25
comuna 8,35523,94,2024-06-25
comuna 9,20980,30,2024-01-30
comuna 13,434,35,2024-01-30
comuna 2,24406,84,2024-07-31
comuna 6,46469,80,2024-06-25
comuna 15,35157,52,2024-01-30
comuna 6,30709,11,2024-06-23
comuna 16,13342,78,2024-07-31
comuna 5,11400,74,2024-07-31
comuna 14,3394,70,2024-06-25
comuna 10,41785,31,2024-06-23
comuna 15,204,22,2024-01-30
comuna 11,48551,75,2024-07-31
comuna 4,6631,81,2024-06-23
comuna 2,41656,87,2024-06-23
comuna 11,29565,88,2024-07-31
comuna 2,32131,40,2024-01-30
comuna 15,10053,95,2024-06-25
comuna 14,99,88,2024-06-23
comuna 15,6433,68,2024-07-31
comuna 6,11941,50,2024-06-25
comuna 15,24683,79,2024-07-31
comuna 7,32027,20,2024-06-23
comuna 9,48423,11,2024-06-25
comuna 11,26498,32,2024-07-31
comuna 8,46783,93,2024-07-31
comuna 16,41004,37,2024-01-30
comuna 9,12858,55,2024-06-25
comuna 10,14862,49,2024-06-25
comuna 14,17704,26,2024-06-23
comuna 9,10108,61,2024-06-23
comuna 14,32977,49,2024-07-31
comuna 13,23393,37,2024-06-23
comuna 2,1646,14,2024-06-23
comuna 14,39015,33,2024-01-30
comuna 8,37003,52,2024-06-23
comuna 15,42439,77,2024-07-31
comuna 13,11172,88,2024-07-31
comuna 2,29374,32,2024-01-30
comuna 5,20011,53,2024-06-25
comuna 15,32988,88,2024-01-30
comuna 14,42512,89,2024-06-23
comuna 5,40167,35,2024-06-25
comuna 16,48246,29,2024-01-30
comuna 2,8539,76,2024-07-31
comuna 5,28309,66,2024-06-25
comuna 12,40933,55,2024-06-23
comuna 1,5961,13,2024-06-25
comuna 10,35232,14,2024-07-31
comuna 3,22366,46,2024-07-31
comuna 12,11705,85,2024-07-31
comuna 11,10858,42,2024-01-30
comuna 11,4720,47,2024-06-23
comuna 9,26688,38,2024-06-25
comuna 6,42953,90,2024-07-31
comuna 10,12485,88,2024-07-31
comuna 15,40956,26,2024-01-30
comuna 7,6150,43,2024-07-31
comuna 1,30823,79,2024-06-23
comuna 1,28950,19,2024-06-23
comuna 5,40413,78,2024-01-30
comuna 1,1924,49,2024-06-25
comuna 6,36289,35,2024-06-23
comuna 8,31395,83,2024-06-25
comuna 1,48957,41,2024-06-25
comuna 4,12313,65,2024-01-30
comuna 4,11612,74,2024-01-30
comuna 7,48504,93,2024-06-23
comuna 9,37233,47,2024-06-23
comuna 4,38857,66,2024-06-23
comuna 4,7954,70,2024-06-23
comuna 15,33008,69,2024-07-31
comuna 2,17880,12,2024-06-23
comuna 5,3859,94,2024-07-31
comuna 12,28166,32,2024-06-23
comuna 14,11716,67,2024-07-31
comuna 11,11801,84,2024-01-30
comuna 1,30328,93,2024-06-23
comuna 1,21884,71,2024-06-23
comuna 8,25557,80,2024-06-23
comuna 12,43485,84,2024-07-31
comuna 8,28932,31,2024-01-30
comuna 14,32715,87,2024-06-23
comuna 14,13475,82,2024-07-31
comuna 1,27505,85,2024-07-31
comuna 5,33568,46,2024-06-23
comuna 16,38113,14,2024-01-30
comuna 1,30602,73,2024-01-30
comuna 10,37538,13,2024-07-31
comuna 14,11224,18,2024-01-30
comuna 7,2962,52,2024-07-31
comuna 10,17100,44,2024-06-23
comuna 2,32,22,2024-07-31
comuna 12,11549,92,2024-06-23
comuna 11,18539,88,2024-06-23
comuna 14,4929,82,2024-01-30
comuna 10,28397,92,2024-06-23
comuna 13,17388,64,2024-07-31
comuna 4,17238,49,2024-06-23
comuna 15,1925,14,2024-06-25
comuna 16,44125,82,2024-06-23
comuna 9,24387,50,2024-01-30
comuna 13,39167,70,2024-06-23
comuna 9,32033,59,2024-06-25
comuna 9,15033,19,2024-07-31
comuna 16,6096,92,2024-06-25
comuna 5,4485,78,2024-06-23
comuna 6,23988,12,2024-01-30
comuna 14,46536,45,2024-06-25
comuna 2,2732,22,2024-07-31
comuna 15,33907,83,2024-06-25
comuna 10,36266,44,2024-01-30
comuna 12,7342,15,2024-07-31
comuna 9,36212,98,2024-06-25
comuna 6,19558,22,2024-06-23
comuna 3,19016,66,2024-06-23
comuna 10,25585,61,2024-06-25
comuna 1,49454,52,2024-06-25
comuna 7,7249,100,2024-06-23
comuna 8,28583,86,2024-07-31
comuna 16,22411,23,2024-01-30
comuna 6,6053,68,2024-01-30
comuna 6,34673,93,2024-06-23
comuna 6,35509,15,2024-07-31
comuna 6,48088,66,2024-01-30
comuna 14,3944,89,2024-06-25
comuna 14,15252,44,2024-07-31
comuna 2,21998,89,2024-06-23
comuna 11,18507,15,2024-06-23
comuna 4,11461,38,2024-06-23
comuna 4,47856,17,2024-07-31
comuna 13,39317,73,2024-01-30
comuna 7,37933,42,2024-07-31
comuna 9,11117,46,2024-06-23
comuna 4,6224,60,2024-07-31
comuna 4,42959,74,2024-06-23
comuna 9,13740,94,2024-07-31
comuna 14,25316,53,2024-06-25
comuna 12,23637,51,2024-06-23
comuna 9,22895,33,2024-06-23
comuna 11,28554,70,2024-06-23
comuna 12,23947,30,2024-06-23
comuna 6,36071,56,2024-06-23
comuna 14,26829,100,2024-06-25
comuna 3,40198,12,2024-06-25
comuna 10,44850,67,2024-07-31
comuna 6,3505,70,2024-07-31
comuna 13,24657,20,2024-06-25
comuna 9,7200,47,2024-06-25
comuna 2,36584,81,2024-01-30
comuna 1,47344,80,2024-07-31
comuna 1,14519,98,2024-06-23
comuna 7,46203,52,2024-06-25
comuna 2,3041,72,2024-06-25
comuna 7,17289,63,2024-07-31
comuna 15,7724,62,2024-06-23
comuna 7,42574,18,2024-07-31
comuna 16,18479,61,2024-07-31
comuna 14,27504,32,2024-06-25
comuna 11,45787,93,2024-01-30
comuna 2,15086,52,2024-01-30
comuna 14,1003,51,2024-06-23
comuna 10,37581,94,2024-01-30
comuna 7,32327,60,2024-01-30
comuna 8,33644,70,2024-07-31
comuna 5,37534,82,2024-06-23
comuna 13,31119,26,2024-07-31
comuna 3,13665,57,2024-01-30
comuna 13,30225,96,2024-06-25
comuna 8,30712,24,2024-01-30
comuna 7,47645,60,2024-06-23
comuna 7,41129,28,2024-06-23
comuna 11,27724,42,2024-01-30
comuna 6,27271,36,2024-06-25
comuna 7,13764,38,2024-06-23
comuna 2,46134,18,2024-07-31
comuna 3,19274,27,2024-06-25
comuna 9,10764,34,2024-06-23
comuna 10,8607,34,2024-01-30
comuna 12,9155,51,2024-07-31
comuna 6,20272,18,2024-06-23
comuna 15,49214,91,2024-06-25
comuna 9,32495,93,2024-06-23
comuna 16,22255,26,2024-07-31
comuna 9,31472,89,2024-06-25
comuna 10,23880,87,2024-01-30
comuna 1,36896,81,2024-06-23
comuna 5,32136,37,2024-06-25
comuna 3,35791,80,2024-06-23
comuna 2,43480,36,2024-06-23
comuna 2,44293,53,2024-06-23
comuna 14,33944,56,2024-01-30
comuna 9,24320,76,2024-01-30
comuna 13,16353,71,2024-01-30
comuna 10,22938,11,2024-06-25
comuna 10,23997,68,2024-06-25
comuna 6,44006,63,2024-06-25
comuna 3,24455,13,2024-06-23
comuna 4,5978,91,2024-01-30
comuna 13,34212,55,2024-06-23
comuna 8,1278,74,2024-06-23
comuna 7,49817,32,2024-06-25
comuna 12,26259,94,2024-01-30
comuna 9,11525,63,2024-06-23
comuna 4,36130,76,2024-06-23
comuna 2,37160,17,2024-07-31
comuna 14,27368,43,2024-06-23
comuna 2,7686,66,2024-06-23
comuna 5,35972,20,2024-06-25
comuna 15,27383,93,2024-06-25
comuna 12,18340,14,2024-06-23
comuna 13,3275,15,2024-06-23
comuna 16,2823,21,2024-06-25
comuna 16,11880,65,2024-07-31
comuna 14,20491,16,2024-07-31
comuna 10,38187,56,2024-06-23
comuna 10,10540,44,2024-07-31
comuna 8,34968,59,2024-06-25
comuna 6,1876,18,2024-01-30
comuna 5,17607,13,2024-07-31
comuna 8,6468,32,2024-01-30
comuna 7,7169,70,2024-06-25
comuna 10,25109,11,2024-01-30
comuna 13,24158,67,2024-01-30
comuna 10,26755,69,2024-06-25
comuna 13,8439,64,2024-07-31
comuna 1,24057,18,2024-06-25
comuna 14,24518,23,2024-07-31
comuna 9,29384,77,2024-06-25
comuna 1,47334,33,2024-01-30
comuna 3,12552,68,2024-01-30
comuna 10,10137,23,2024-07-31
comuna 7,49158,72,2024-01-30
comuna 3,46890,33,2024-06-25
comuna 6,41313,42,2024-06-25
comuna 10,29747,55,2024-06-23
comuna 13,46427,17,2024-06-25
comuna 15,10040,79,2024-07-31
comuna 14,20590,52,2024-07-31
comuna 16,3444,88,2024-06-25
comuna 7,13352,37,2024-01-30
comuna 11,14945,85,2024-06-25
comuna 10,13092,20,2024-06-23
comuna 16,25495,63,2024-06-25
comuna 7,30451,24,2024-07-31
comuna 8,47290,89,2024-01-30
comuna 4,32149,14,2024-06-23
comuna 11,47689,95,2024-06-23
comuna 5,1910,60,2024-01-30
comuna 3,40679,87,2024-06-25
comuna 3,23512,27,2024-07-31
comuna 3,38936,94,2024-06-23
comuna 3,16522,61,2024-06-23
comuna 5,47167,57,2024-06-25
comuna 9,36098,72,2024-06-25
comuna 12,25345,15,2024-01-30
comuna 16,27120,86,2024-01-30
comuna 10,11384,78,2024-01-30
comuna 5,37237,20,2024-01-30
comuna 8,12618,53,2024-01-30
comuna 16,12934,47,2024-07-31
comuna 14,20290,52,2024-01-30
comuna 3,36828,36,2024-06-25
comuna 7,1622,58,2024-06-25
comuna 4,5541,65,2024-06-23
comuna 13,3355,20,2024-06-25
comuna 15,10007,92,2024-06-25
comuna 10,46769,67,2024-07-31
comuna 12,49638,40,2024-01-30
comuna 13,42104,92,2024-06-23
comuna 7,30040,17,2024-06-25
comuna 6,2394,53,2024-01-30
comuna 6,9545,76,2024-01-30
comuna 16,39158,93,2024-07-31
comuna 12,32849,35,2024-01-30
comuna 11,44298,89,2024-07-31
comuna 7,33112,74,2024-01-30
comuna 14,22210,57,2024-01-30
comuna 5,16615,81,2024-06-25
comuna 14,14497,77,2024-06-25
comuna 6,17349,15,2024-06-23
comuna 1,43701,87,2024-07-31
comuna 16,2786,65,2024-06-23
comuna 3,5514,34,2024-07-31
comuna 4,43691,55,2024-06-23
comuna 4,20858,79,2024-07-31
comuna 8,17249,31,2024-07-31
comuna 2,3138,99,2024-07-31
comuna 11,30577,33,2024-06-23
comuna 3,30203,49,2024-06-23
comuna 12,43957,72,2024-01-30
comuna 4,11305,88,2024-06-23
comuna 9,6807,38,2024-06-25
comuna 10,9473,95,2024-01-30
comuna 14,945,85,2024-06-25
comuna 1,16796,96,2024-07-31
comuna 7,39271,59,2024-07-31
comuna 15,42414,15,2024-07-31
comuna 5,49358,89,2024-06-25
comuna 9,8351,100,2024-06-25
comuna 11,17708,19,2024-06-23
comuna 7,45520,48,2024-01-30
comuna 13,23360,15,2024-06-23
comuna 7,31004,79,2024-06-23
comuna 1,24268,98,2024-06-25
comuna 6,38000,60,2024-01-30
comuna 11,36502,97,2024-07-31
comuna 12,3372,96,2024-06-25
comuna 16,19369,22,2024-01-30
comuna 8,3889,79,2024-01-30
comuna 1,24264,42,2024-06-25
comuna 13,14886,30,2024-07-31
comuna 7,5699,38,2024-07-31
comuna 14,42428,29,2024-07-31
comuna 15,33028,91,2024-07-31
comuna 11,5086,43,2024-07-31
comuna 16,2985,28,2024-01-30
comuna 7,3304,79,2024-06-25
comuna 12,22554,93,2024-01-30
comuna 11,14770,85,2024-07-31
comuna 9,30256,27,2024-06-23
comuna 9,31983,39,2024-06-23
comuna 5,42278,19,2024-07-31
comuna 1,38416,52,2024-07-31
comuna 16,5096,64,2024-07-31
comuna 7,12437,97,2024-06-25
comuna 12,47957,73,2024-06-23
comuna 5,8365,97,2024-07-31
comuna 3,23567,91,2024-06-25
comuna 15,33859,90,2024-06-25
comuna 8,3877,38,2024-07-31
comuna 8,4099,75,2024-06-25
comuna 6,49068,17,2024-07-31
comuna 13,24304,37,2024-06-25
comuna 11,44726,100,2024-01-30
comuna 2,35123,23,2024-01-30
comuna 4,38103,10,2024-01-30
comuna 12,25225,84,2024-07-31
comuna 11,4051,62,2024-06-23
comuna 16,43320,11,2024-07-31
comuna 5,48208,54,2024-01-30
comuna 10,33229,26,2024-07-31
comuna 2,508,43,2024-01-30
comuna 14,41399,64,2024-07-31
comuna 3,31205,79,2024-06-23
comuna 7,16267,87,2024-06-25
comuna 4,4188,21,2024-07-31
comuna 3,35313,17,2024-06-25
comuna 1,42343,33,2024-06-25
comuna 8,35337,19,2024-07-31
comuna 7,30829,92,2024-07-31
comuna 3,11262,71,2024-07-31
comuna 10,4878,48,2024-01-30
comuna 9,18667,28,2024-07-31
comuna 3,17939,22,2024-06-23
comuna 13,43947,12,2024-01-30
comuna 11,18051,13,2024-01-30
comuna 3,13218,85,2024-06-25
comuna 9,6456,80,2024-06-23
comuna 5,14030,27,2024-07-31
comuna 3,14726,94,2024-01-30
comuna 10,39485,52,2024-01-30
comuna 13,47896,48,2024-06-23
comuna 15,30069,23,2024-06-23
comuna 14,21550,29,2024-01-30
comuna 16,22699,85,2024-06-23
comuna 1,32416,99,2024-01-30
comuna 16,13314,47,2024-06-23
comuna 9,30992,17,2024-01-30
comuna 10,18708,38,2024-01-30
comuna 16,28388,82,2024-01-30
comuna 5,19011,18,2024-06-25
comuna 2,5184,49,2024-06-25
comuna 8,45760,56,2024-06-23
comuna 16,2146,100,2024-06-25
comuna 15,6328,63,2024-06-25
comuna 14,11014,68,2024-06-25
comuna 12,20141,46,2024-01-30
comuna 1,42896,79,2024-06-23
comuna 8,25053,93,2024-01-30
comuna 2,1961,96,2024-01-30
comuna 15,2942,59,2024-07-31
comuna 10,15907,17,2024-01-30
comuna 14,33317,29,2024-01-30
comuna 6,42984,97,2024-07-31
comuna 10,30177,80,2024-06-23
comuna 5,20083,52,2024-06-25
comuna 8,34110,33,2024-01-30
comuna 12,23388,90,2024-06-23
comuna 2,18971,31,2024-06-23
comuna 6,41112,19,2024-06-25
comuna 8,22760,56,2024-06-25
comuna 16,48288,77,2024-06-25
comuna 8,7473,73,2024-07-31
comuna 10,48216,33,2024-01-30
comuna 14,44563,30,2024-06-23
comuna 2,12499,99,2024-06-23
comuna 7,773,50,2024-07-31
comuna 9,47287,25,2024-06-25
comuna 11,23716,16,2024-01-30
comuna 12,15456,79,2024-07-31
comuna 16,44214,61,2024-01-30
comuna 7,30990,23,2024-06-23
comuna 12,9063,17,2024-07-31
comuna 2,28639,39,2024-01-30
comuna 15,10792,13,2024-06-25
comuna 7,29650,72,2024-01-30
comuna 3,26086,28,2024-01-30
comuna 13,15056,39,2024-01-30
comuna 12,21284,68,2024-01-30
comuna 13,634,78,2024-07-31
comuna 2,35788,78,2024-06-25
comuna 4,5172,61,2024-06-23
comuna 10,37560,78,2024-06-25
comuna 7,33307,59,2024-06-23
comuna 13,2452,49,2024-07-31
comuna 11,25381,11,2024-01-30
comuna 9,284,81,2024-06-25
comuna 8,33099,94,2024-07-31
comuna 11,7738,58,2024-01-30
comuna 10,35201,17,2024-01-30
comuna 2,22911,36,2024-06-25
comuna 6,11276,94,2024-06-25
comuna 8,39325,22,2024-01-30
comuna 8,39601,51,2024-06-23
comuna 9,6095,13,2024-06-23
comuna 9,2561,51,2024-07-31
comuna 6,31841,74,2024-06-25
comuna 3,16210,75,2024-07-31
comuna 3,42739,32,2024-06-25
comuna 1,8350,31,2024-06-25
comuna 6,10484,92,2024-06-23
comuna 14,14784,70,2024-07-31
comuna 13,49657,50,2024-06-23
comuna 13,43636,72,2024-06-23
comuna 11,33490,45,2024-06-25
comuna 5,5784,39,2024-07-31
comuna 8,44858,68,2024-06-25
comuna 7,30272,26,2024-06-23
comuna 8,12730,91,2024-06-23
comuna 5,11247,34,2024-01-30
comuna 12,41953,57,2024-01-30
comuna 8,20407,19,2024-01-30
comuna 6,45850,33,2024-06-23
comuna 13,45857,73,2024-01-30
comuna 3,17858,20,2024-01-30
comuna 2,43810,88,2024-01-30
comuna 11,247,60,2024-06-23
comuna 16,19141,45,2024-06-25
comuna 11,7863,92,2024-01-30
comuna 9,37030,64,2024-06-23
comuna 5,16412,87,2024-06-23
comuna 5,26985,38,2024-06-25
comuna 16,667,20,2024-06-23
comuna 14,18867,72,2024-07-31
comuna 3,8095,58,2024-07-31
comuna 11,43698,61,2024-07-31
comuna 14,4674,49,2024-07-31
comuna 15,23789,96,2024-01-30
comuna 15,49712,10,2024-06-23
comuna 6,13191,94,2024-06-25
comuna 13,593,70,2024-07-31
comuna 11,19712,34,2024-01-30
comuna 9,37839,51,2024-06-25
comuna 6,6624,93,2024-06-23
comuna 11,1312,85,2024-07-31
comuna 11,15999,99,2024-07-31
comuna 10,31719,84,2024-07-31
comuna 16,7523,84,2024-06-23
comuna 14,22063,85,2024-06-23
comuna 12,23951,81,2024-06-23
comuna 9,38351,77,2024-06-25
comuna 14,33538,12,2024-06-25
comuna 4,21869,22,2024-06-25
comuna 11,9996,99,2024-06-25
comuna 1,30367,23,2024-06-23
comuna 9,13335,93,2024-06-23
comuna 10,25241,36,2024-01-30
comuna 11,11206,81,2024-06-23
comuna 1,19154,49,2024-01-30
comuna 10,37242,41,2024-07-31
comuna 9,28728,56,2024-06-23
comuna 13,21219,70,2024-07-31
comuna 7,40829,47,2024-01-30
comuna 10,49089,84,2024-06-25
comuna 14,23783,48,2024-06-23
comuna 11,44281,68,2024-06-25
comuna 7,15392,52,2024-06-25
comuna 7,18396,48,2024-07-31
comuna 11,6177,79,2024-07-31
comuna 2,2300,98,2024-06-25
comuna 4,11746,37,2024-07-31
comuna 2,23690,34,2024-01-30
comuna 6,4607,83,2024-07-31
comuna 7,41611,33,2024-06-23
comuna 4,16617,49,2024-01-30
comuna 8,13537,69,2024-06-23
comuna 15,3547,26,2024-06-23
comuna 10,31780,66,2024-07-31
comuna 5,48240,23,2024-06-23
comuna 10,24786,49,2024-06-25
comuna 11,36498,19,2024-07-31
comuna 6,48352,72,2024-06-25
comuna 5,9718,80,2024-01-30
comuna 6,21917,43,2024-06-23
comuna 3,12925,76,2024-01-30
comuna 12,6924,33,2024-07-31
comuna 3,28028,41,2024-06-23
comuna 5,19764,89,2024-07-31
comuna 11,6089,80,2024-01-30
comuna 16,4995,48,2024-07-31
comuna 7,15269,32,2024-06-25
comuna 5,29879,77,2024-07-31
comuna 5,29874,55,2024-06-23
comuna 7,5103,14,2024-01-30
comuna 3,22707,39,2024-06-25
comuna 9,5776,93,2024-07-31
comuna 1,11085,28,2024-06-25
comuna 12,8744,79,2024-07-31
comuna 3,13480,92,2024-06-25
comuna 10,44681,61,2024-06-25
comuna 1,28336,78,2024-06-23
comuna 9,20753,62,2024-07-31
comuna 2,45416,91,2024-06-25
comuna 7,9198,31,2024-01-30
comuna 3,44473,54,2024-01-30
comuna 6,14166,12,2024-07-31
comuna 16,2107,89,2024-06-23
comuna 11,44863,38,2024-07-31
comuna 16,6419,17,2024-07-31
comuna 11,27543,16,2024-07-31
comuna 15,44424,20,2024-06-25
comuna 5,6427,89,2024-06-25
comuna 13,24567,64,2024-06-23
comuna 13,37926,34,2024-06-23
comuna 12,33256,24,2024-07-31
comuna 3,23451,67,2024-06-25
comuna 7,33423,77,2024-06-25
comuna 8,49495,66,2024-01-30
comuna 6,60,87,2024-06-25
comuna 7,26449,31,2024-07-31
comuna 15,12029,78,2024-07-31
comuna 16,1806,40,2024-06-23
comuna 4,1993,20,2024-06-25
comuna 14,4188,63,2024-06-25
comuna 9,33400,14,2024-06-23
comuna 9,5607,47,2024-06-23
comuna 4,22141,50,2024-06-23
comuna 12,21919,39,2024-06-25
comuna 8,24246,86,2024-07-31
comuna 2,38708,79,2024-06-23
comuna 4,16226,81,2024-07-31
comuna 9,33845,64,2024-06-23
comuna 9,25567,39,2024-01-30
comuna 3,15970,100,2024-07-31
comuna 2,9486,10,2024-07-31
comuna 5,24571,31,2024-06-23
comuna 9,45947,50,2024-01-30
comuna 3,31174,15,2024-01-30
comuna 6,47398,68,2024-06-23
comuna 11,44902,77,2024-01-30
comuna 5,37698,32,2024-06-25
comuna 10,15354,14,2024-06-25
comuna 4,40968,79,2024-07-31
comuna 14,204,80,2024-06-25
comuna 10,16243,44,2024-06-25
comuna 16,26222,31,2024-07-31
comuna 2,22786,50,2024-01-30
comuna 3,30230,81,2024-06-25
comuna 7,37384,24,2024-01-30
comuna 16,42043,24,2024-01-30
comuna 9,49744,36,2024-06-25
comuna 16,5467,79,2024-01-30
comuna 9,21031,59,2024-06-23
comuna 9,35904,66,2024-06-23
comuna 1,21909,91,2024-06-25
comuna 9,43580,73,2024-01-30
comuna 7,327,92,2024-06-25
comuna 15,29602,67,2024-07-31
comuna 4,42133,86,2024-06-23
comuna 12,3137,32,2024-06-25
comuna 4,38149,99,2024-01-30
comuna 11,5936,93,2024-06-25
comuna 8,7021,17,2024-06-25
comuna 14,27254,10,2024-06-25
comuna 14,42401,19,2024-06-25
comuna 15,49479,29,2024-06-25
comuna 12,33382,89,2024-06-25
comuna 8,30825,86,2024-07-31
comuna 4,4661,23,2024-06-23
comuna 2,35259,58,2024-06-25
comuna 16,24215,15,2024-06-23
comuna 11,13379,18,2024-07-31
comuna 2,14016,15,2024-01-30
comuna 6,9990,88,2024-07-31
comuna 5,13676,100,2024-06-25
comuna 5,25680,93,2024-06-25
comuna 5,43218,68,2024-06-25
comuna 6,40679,62,2024-06-23
comuna 2,21804,20,2024-06-25
comuna 6,2501,14,2024-01-30
comuna 15,42639,29,2024-07-31
comuna 1,34747,85,2024-06-23
comuna 16,45635,55,2024-01-30
comuna 10,40289,37,2024-06-25
comuna 10,30841,94,2024-06-23
comuna 3,4084,69,2024-07-31
comuna 16,46102,49,2024-06-23
comuna 5,30216,93,2024-06-23
comuna 8,6060,26,2024-06-25
comuna 2,27971,53,2024-07-31
comuna 16,47297,13,2024-06-25
comuna 4,8269,80,2024-07-31
comuna 13,29570,22,2024-07-31
comuna 8,27627,89,2024-06-25
comuna 13,22380,99,2024-01-30
comuna 11,19370,70,2024-06-23
comuna 2,1005,57,2024-06-23
comuna 13,16177,34,2024-06-25
comuna 13,23006,53,2024-07-31
comuna 16,4195,74,2024-01-30
comuna 9,28621,97,2024-06-25
comuna 6,30120,22,2024-07-31
comuna 16,8425,34,2024-01-30
comuna 11,27897,63,2024-01-30
comuna 2,18364,66,2024-07-31
comuna 11,20857,33,2024-07-31
comuna 15,19793,37,2024-06-25
comuna 12,15675,100,2024-01-30
comuna 1,20166,89,2024-06-23
comuna 6,18943,28,2024-06-23
comuna 16,9906,11,2024-06-23
comuna 11,13358,82,2024-07-31
comuna 3,6938,38,2024-07-31
comuna 15,8236,99,2024-06-25
comuna 2,23228,88,2024-07-31
comuna 9,15663,13,2024-06-23
comuna 13,49081,33,2024-07-31
comuna 1,22577,43,2024-06-25
comuna 12,18017,34,2024-06-23
comuna 15,1587,82,2024-07-31
comuna 3,5186,21,2024-06-25
comuna 14,27235,99,2024-06-23
comuna 14,21120,14,2024-01-30
comuna 9,26946,32,2024-06-25
comuna 15,34054,18,2024-06-25
comuna 16,15017,18,2024-06-25
comuna 7,35534,64,2024-06-25
comuna 14,25573,26,2024-06-25
comuna 1,22757,78,2024-06-25
comuna 2,1827,90,2024-06-23
comuna 10,39678,72,2024-07-31
comuna 4,23329,96,2024-06-23
comuna 4,15043,11,2024-01-30
comuna 15,36110,54,2024-01-30
comuna 14,12927,20,2024-06-23
comuna 15,42832,28,2024-06-23
comuna 7,23643,49,2024-06-23
comuna 4,14249,98,2024-07-31
comuna 11,43666,92,2024-07-31
comuna 7,22639,24,2024-06-23
comuna 7,46544,97,2024-07-31
comuna 13,16289,94,2024-07-31
comuna 12,18451,89,2024-06-25
comuna 1,4923,65,2024-07-31
comuna 6,43474,18,2024-01-30
comuna 6,31453,70,2024-06-23
comuna 6,5104,33,2024-01-30
comuna 12,38399,32,2024-07-31
comuna 16,12253,69,2024-01-30
comuna 4,48044,85,2024-06-25
comuna 6,22529,43,2024-01-30
comuna 12,39096,95,2024-06-23
comuna 11,41357,97,2024-06-25
comuna 13,18988,62,2024-01-30
comuna 11,5783,44,2024-01-30
comuna 13,9451,94,2024-06-23
comuna 15,8201,24,2024-06-23
comuna 13,28026,19,2024-01-30
comuna 13,5342,75,2024-06-23
comuna 13,40908,45,2024-06-25
comuna 15,41799,43,2024-06-25
comuna 13,47758,16,2024-06-23
comuna 5,14412,23,2024-06-23
comuna 8,321,13,2024-01-30
comuna 14,44636,99,2024-01-30
comuna 15,21149,51,2024-06-23
comuna 10,26286,97,2024-06-25
comuna 14,3405,62,2024-07-31
comuna 2,35921,18,2024-01-30
comuna 12,3799,81,2024-01-30
comuna 3,4842,88,2024-06-25
comuna 7,38611,93,2024-06-23
comuna 8,29103,100,2024-06-23
comuna 7,3041,39,2024-06-23
comuna 8,7058,67,2024-07-31
comuna 15,22181,13,2024-06-23
comuna 7,11693,52,2024-06-25
comuna 12,38925,42,2024-06-23
comuna 16,36894,26,2024-06-25
comuna 5,32676,54,2024-01-30
comuna 5,43845,22,2024-06-23
comuna 15,31852,31,2024-07-31
comuna 14,48024,63,2024-07-31
comuna 9,39271,76,2024-06-25
comuna 16,37725,49,2024-01-30
comuna 13,30154,53,2024-01-30
comuna 7,40500,77,2024-07-31
comuna 12,31629,35,2024-01-30
comuna 16,31921,90,2024-06-25
comuna 3,17576,52,2024-06-23
comuna 9,38439,37,2024-01-30
comuna 15,22960,17,2024-01-30
comuna 4,17689,57,2024-01-30
comuna 14,42815,46,2024-07-31
comuna 3,38268,75,2024-06-25
comuna 12,5566,79,2024-06-25
comuna 2,4400,57,2024-07-31
comuna 5,42483,52,2024-06-25
comuna 2,13907,72,2024-06-23
comuna 5,36181,48,2024-07-31
comuna 11,2833,89,2024-06-25
comuna 2,2059,73,2024-06-23
comuna 3,2190,95,2024-06-25
comuna 3,33118,93,2024-06-23
comuna 1,31673,42,2024-06-25
comuna 5,21718,59,2024-01-30
comuna 3,34835,59,2024-01-30
comuna 16,41491,59,2024-06-23
comuna 15,34550,58,2024-06-23
comuna 2,26166,15,2024-06-25
comuna 15,12722,98,2024-07-31
comuna 2,19685,61,2024-06-23
comuna 7,22323,40,2024-06-23
comuna 1,25864,94,2024-07-31
comuna 2,4029,80,2024-07-31
comuna 3,14656,94,2024-06-23
comuna 9,40147,90,2024-07-31
comuna 8,62,67,2024-06-23
comuna 4,40313,15,2024-07-31
comuna 15,36939,38,2024-01-30
comuna 10,35908,80,2024-01-30
comuna 13,15725,50,2024-06-23
comuna 13,32785,38,2024-06-23
comuna 2,16014,83,2024-06-25
comuna 8,10495,84,2024-06-25
comuna 9,43955,42,2024-01-30
comuna 3,46550,33,2024-06-25
comuna 10,27258,69,2024-01-30
comuna 9,24765,100,2024-01-30
comuna 12,3549,52,2024-06-23
comuna 16,9038,86,2024-06-25
comuna 6,34808,40,2024-07-31
comuna 8,34160,49,2024-06-25
comuna 12,39139,37,2024-06-25
comuna 16,29866,62,2024-01-30
comuna 3,1488,67,2024-06-23
comuna 1,47801,98,2024-07-31
comuna 12,1278,53,2024-06-23
comuna 10,16595,25,2024-06-23
comuna 1,46225,15,2024-07-31
comuna 12,46607,20,2024-07-31
comuna 11,32724,14,2024-01-30
comuna 6,16811,86,2024-01-30
comuna 13,19726,89,2024-07-31
comuna 7,5762,40,2024-01-30
comuna 6,38924,60,2024-06-23
comuna 11,26699,23,2024-07-31
comuna 9,13645,94,2024-01-30
comuna 10,3648,15,2024-01-30
comuna 9,24632,36,2024-01-30
comuna 11,4586,30,2024-01-30
comuna 11,21838,93,2024-06-23
comuna 10,17254,88,2024-01-30
comuna 14,19938,76,2024-06-23
comuna 8,24434,55,2024-06-23
comuna 11,20568,96,2024-06-25
comuna 9,34935,86,2024-06-25
comuna 5,36962,17,2024-06-23
comuna 5,13364,75,2024-01-30
comuna 3,47443,88,2024-06-25
comuna 16,25641,35,2024-06-23
comuna 13,20799,70,2024-06-25
comuna 12,12217,13,2024-01-30
comuna 7,28848,21,2024-07-31
comuna 16,1793,14,2024-06-23
comuna 4,898,53,2024-07-31
comuna 13,23748,54,2024-07-31
comuna 14,11614,61,2024-07-31
comuna 16,24784,30,2024-07-31
comuna 5,4858,38,2024-06-25
comuna 10,20535,97,2024-07-31
comuna 8,733,30,2024-06-25
comuna 14,26287,89,2024-06-25
comuna 12,26850,40,2024-06-25
comuna 14,29695,63,2024-06-23
comuna 13,35296,35,2024-01-30
comuna 10,2628,44,2024-01-30
comuna 2,6980,22,2024-01-30
comuna 16,25601,38,2024-06-23
comuna 16,8853,94,2024-07-31
comuna 7,43556,54,2024-07-31
comuna 4,45421,35,2024-06-25
comuna 1,31978,57,2024-06-23
comuna 2,30455,15,2024-06-23
comuna 7,38749,79,2024-07-31
comuna 2,36736,78,2024-01-30
comuna 13,1437,77,2024-06-25
comuna 13,46436,64,2024-01-30
comuna 12,28278,64,2024-01-30
comuna 14,34270,79,2024-07-31
comuna 12,48559,69,2024-06-25
comuna 9,34615,88,2024-06-23
comuna 2,25786,10,2024-06-25
comuna 4,23814,13,2024-06-23
comuna 12,47190,26,2024-06-23
comuna 8,22667,49,2024-06-23
comuna 14,12820,91,2024-01-30
comuna 4,27613,90,2024-01-30
comuna 8,36116,15,2024-06-23
comuna 1,23483,92,2024-01-30
comuna 9,36154,87,2024-07-31
comuna 12,27035,81,2024-06-23
comuna 15,48243,62,2024-07-31
comuna 15,33791,35,2024-01-30
comuna 9,23427,77,2024-06-25
comuna 3,44557,41,2024-06-25
comuna 5,20686,54,2024-06-25
comuna 9,23256,48,2024-07-31
comuna 6,37512,69,2024-06-23
comuna 2,41361,99,2024-06-23
comuna 5,25308,55,2024-07-31
comuna 8,39246,26,2024-07-31
comuna 3,14492,88,2024-07-31
comuna 13,39098,53,2024-01-30
comuna 6,47597,44,2024-01-30
comuna 2,43832,77,2024-07-31
comuna 9,33962,42,2024-06-23
comuna 13,19980,100,2024-06-23
comuna 8,42988,41,2024-01-30
comuna 4,6685,59,2024-07-31
comuna 10,47452,38,2024-06-25
comuna 9,15855,86,2024-01-30
comuna 9,45056,99,2024-01-30
comuna 15,17454,54,2024-07-31
comuna 15,37928,69,2024-06-23
comuna 1,2737,57,2024-07-31
comuna 10,5250,53,2024-07-31
comuna 12,29032,14,2024-06-23
comuna 2,10402,42,2024-01-30
comuna 9,46629,84,2024-06-25
comuna 11,5892,86,2024-01-30
comuna 16,36836,97,2024-07-31
comuna 5,14750,10,2024-01-30
comuna 2,43439,13,2024-01-30
comuna 4,41196,28,2024-06-25
comuna 4,38195,10,2024-06-23
comuna 4,27805,68,2024-06-23
comuna 14,31857,26,2024-07-31
comuna 4,34127,45,2024-06-23
comuna 6,3692,59,2024-07-31
comuna 7,842,88,2024-07-31
comuna 3,3855,94,2024-07-31
comuna 3,7272,27,2024-07-31
comuna 11,12621,20,2024-06-25
comuna 7,24904,23,2024-06-25
comuna 5,44284,92,2024-06-23
comuna 15,22492,58,2024-07-31
comuna 11,45973,76,2024-06-23
comuna 6,35069,43,2024-06-25
comuna 13,33272,62,2024-01-30
comuna 7,35656,100,2024-06-23
comuna 7,28443,73,2024-06-23
comuna 3,1532,89,2024-07-31
comuna 10,1976,32,2024-07-31
comuna 16,26819,44,2024-06-25
comuna 12,43464,15,2024-06-25
comuna 5,3294,41,2024-06-25
comuna 1,48273,17,2024-01-30
comuna 9,46847,68,2024-01-30
comuna 7,4067,36,2024-07-31
comuna 2,37997,58,2024-01-30
comuna 1,39337,65,2024-06-25
comuna 12,1663,46,2024-01-30
comuna 13,32589,50,2024-01-30
comuna 3,22782,14,2024-01-30
comuna 5,24997,88,2024-07-31
comuna 14,8597,16,2024-06-25
comuna 10,16158,43,2024-01-30
comuna 6,32200,49,2024-06-23
comuna 7,42115,89,2024-07-31
comuna 15,29863,73,2024-01-30
comuna 1,12760,76,2024-06-23
comuna 7,43428,59,2024-06-23
comuna 13,45860,55,2024-07-31
comuna 13,15377,50,2024-07-31
comuna 8,35234,91,2024-06-25
comuna 7,16611,18,2024-06-23
comuna 3,39347,42,2024-07-31
comuna 13,49122,20,2024-06-23
comuna 12,44200,94,2024-01-30
comuna 12,28846,38,2024-07-31
comuna 12,28875,98,2024-07-31
comuna 11,4862,44,2024-01-30
comuna 12,44856,39,2024-07-31
comuna 13,14587,26,2024-01-30
comuna 14,21131,72,2024-01-30
comuna 5,35086,18,2024-06-23
comuna 14,4667,86,2024-01-30
comuna 6,14414,57,2024-06-25
comuna 8,11334,42,2024-01-30
comuna 14,6058,56,2024-06-23
comuna 2,35333,91,2024-06-23
comuna 15,40513,15,2024-01-30
comuna 11,28909,94,2024-07-31
comuna 12,27410,35,2024-07-31
comuna 2,20188,44,2024-01-30
comuna 6,30527,12,2024-01-30
comuna 8,12527,86,2024-06-23
comuna 2,24191,19,2024-07-31
comuna 15,9448,60,2024-06-25
comuna 14,49634,60,2024-06-23
comuna 6,2643,41,2024-01-30
comuna 3,29866,12,2024-06-25
comuna 9,48669,52,2024-06-25
comuna 14,41999,82,2024-06-23
comuna 16,33867,31,2024-07-31
comuna 12,18518,49,2024-06-25
comuna 8,16658,31,2024-01-30
comuna 12,27791,84,2024-01-30
comuna 15,7906,47,2024-07-31
comuna 6,40697,65,2024-01-30
comuna 10,23133,36,2024-07-31
comuna 4,20918,72,2024-06-23
comuna 15,23505,79,2024-01-30
comuna 15,30158,19,2024-06-23
comuna 14,24869,66,2024-07-31
comuna 16,13162,14,2024-06-25
comuna 11,22862,77,2024-06-25
comuna 11,14310,46,2024-06-25
comuna 10,37294,57,2024-06-25
comuna 13,20170,85,2024-07-31
comuna 10,35374,29,2024-06-25
comuna 6,8456,12,2024-06-25
comuna 1,49436,23,2024-06-25
comuna 12,5807,72,2024-06-25
comuna 14,19299,90,2024-01-30
comuna 5,7107,39,2024-01-30
comuna 16,11299,52,2024-01-30
comuna 12,32693,84,2024-01-30
comuna 15,43273,100,2024-01-30
comuna 8,14969,18,2024-06-25
comuna 1,41352,15,2024-06-25
comuna 2,48340,59,2024-07-31
comuna 3,27311,95,2024-07-31
comuna 4,28023,32,2024-06-25
comuna 2,42415,94,2024-01-30
comuna 16,47448,16,2024-01-30
comuna 10,18550,44,2024-01-30
comuna 10,7060,39,2024-01-30
comuna 4,43411,73,2024-07-31
comuna 3,19813,49,2024-06-23
comuna 3,19845,32,2024-06-23
comuna 16,680,27,2024-06-25
comuna 1,30234,23,2024-06-23
comuna 13,46649,34,2024-07-31
comuna 10,4158,82,2024-01-30
comuna 3,45937,11,2024-06-25
comuna 5,44182,33,2024-01-30
comuna 8,3437,77,2024-07-31
comuna 16,40175,26,2024-01-30
comuna 12,32610,21,2024-06-25
comuna 9,29488,57,2024-06-23
comuna 11,38694,57,2024-07-31
comuna 8,25842,51,2024-06-25
comuna 6,33233,30,2024-06-25
comuna 4,7441,15,2024-01-30
comuna 11,5584,23,2024-01-30
comuna 10,19045,65,2024-06-23
comuna 8,23344,60,2024-01-30
comuna 7,35525,79,2024-06-25
comuna 12,31802,14,2024-06-25
comuna 5,45503,54,2024-07-31
comuna 1,13044,37,2024-06-23
comuna 1,44381,17,2024-01-30
comuna 1,5935,46,2024-07-31
comuna 12,37388,22,2024-01-30
comuna 15,5164,82,2024-06-25
comuna 16,26132,30,2024-07-31
comuna 16,12908,65,2024-07-31
comuna 8,28933,99,2024-06-25
comuna 1,19514,90,2024-06-25
comuna 13,29379,67,2024-06-23
comuna 12,7456,56,2024-07-31
comuna 13,23590,44,2024-06-25
comuna 6,26753,63,2024-07-31
comuna 8,32459,41,2024-07-31
comuna 15,6134,100,2024-01-30
comuna 12,43333,74,2024-06-25
comuna 2,967,49,2024-07-31
comuna 10,23312,26,2024-06-23
comuna 3,24499,83,2024-06-25
comuna 3,15140,77,2024-01-30
comuna 4,47978,45,2024-06-23
comuna 10,22389,49,2024-06-23
comuna 13,12376,41,2024-06-23
comuna 15,13804,82,2024-06-25
comuna 13,42774,79,2024-01-30
comuna 10,1774,92,2024-07-31
comuna 2,38574,69,2024-06-25
comuna 15,35859,43,2024-06-25
comuna 15,38511,64,2024-06-23
comuna 13,42003,85,2024-01-30
comuna 5,1709,89,2024-06-25
comuna 4,14939,44,2024-01-30
comuna 5,9934,14,2024-06-25
comuna 9,36696,71,2024-07-31
comuna 1,43505,12,2024-07-31
comuna 9,33585,84,2024-01-30
comuna 7,44662,27,2024-06-23
comuna 12,38247,76,2024-07-31
comuna 12,28123,67,2024-01-30
comuna 9,13629,29,2024-07-31
comuna 2,5010,73,2024-06-25
comuna 10,47982,65,2024-07-31
comuna 7,19605,71,2024-07-31
comuna 10,5966,53,2024-06-25
comuna 16,35919,30,2024-07-31
comuna 6,35967,68,2024-06-25
comuna 5,26448,13,2024-06-23
comuna 4,43756,85,2024-01-30
comuna 3,47424,71,2024-06-25
comuna 12,43778,15,2024-06-23
comuna 15,4649,70,2024-06-25
comuna 1,30884,47,2024-06-23
comuna 5,2530,80,2024-01-30
comuna 5,31040,48,2024-01-30
comuna 1,38320,19,2024-06-23
comuna 3,5977,32,2024-06-23
comuna 5,5107,58,2024-06-23
comuna 16,42939,95,2024-07-31
comuna 11,48531,74,2024-01-30
comuna 12,32876,97,2024-07-31
comuna 13,17756,72,2024-06-25
comuna 5,47588,53,2024-01-30
comuna 11,8089,45,2024-06-25
comuna 16,38385,70,2024-01-30
comuna 8,13777,27,2024-06-25
comuna 16,1568,73,2024-06-25
comuna 8,29963,26,2024-07-31
comuna 5,43256,35,2024-06-23
comuna 9,20363,15,2024-07-31
comuna 15,20957,66,2024-06-25
comuna 8,33532,41,2024-07-31
comuna 11,32185,56,2024-06-25
comuna 2,8722,13,2024-07-31
comuna 8,2024,77,2024-06-23
comuna 5,43263,40,2024-01-30
comuna 11,38819,63,2024-07-31
comuna 12,33014,35,2024-07-31
comuna 14,30468,85,2024-07-31
comuna 5,47856,78,2024-01-30
comuna 1,30565,62,2024-01-30
comuna 10,7538,56,2024-06-23
comuna 5,45905,63,2024-06-25
comuna 6,10933,41,2024-06-23
comuna 4,13756,48,2024-01-30
comuna 4,726,56,2024-07-31
comuna 3,48583,85,2024-01-30
comuna 5,3949,25,2024-01-30
comuna 4,22694,68,2024-01-30
comuna 9,33236,84,2024-01-30
comuna 9,44879,23,2024-06-25
comuna 5,4579,86,2024-07-31
comuna 9,31212,76,2024-06-25
comuna 5,14352,66,2024-01-30
comuna 13,18459,96,2024-06-23
comuna 9,39251,83,2024-06-23
comuna 11,49710,95,2024-07-31
comuna 7,44718,32,2024-06-25
comuna 16,18335,98,2024-07-31
comuna 6,35629,97,2024-06-25
comuna 9,16756,46,2024-01-30
comuna 12,42494,38,2024-06-23
comuna 7,35613,90,2024-06-23
comuna 3,43632,22,2024-06-25
comuna 8,44948,68,2024-01-30
comuna 9,15196,25,2024-06-25
comuna 4,26610,72,2024-06-23
comuna 1,16661,59,2024-01-30
comuna 7,3600,97,2024-07-31
comuna 4,48113,84,2024-01-30
comuna 11,30276,45,2024-06-25
comuna 3,43988,86,2024-06-23
comuna 8,44025,13,2024-06-25
comuna 13,11165,22,2024-06-23
comuna 4,31743,11,2024-07-31
comuna 4,27128,19,2024-06-25
comuna 7,138,61,2024-06-23
comuna 3,34670,14,2024-06-25
comuna 7,46944,65,2024-07-31
comuna 9,8182,38,2024-06-25
comuna 5,20758,28,2024-06-25
comuna 7,34586,57,2024-07-31
comuna 5,217,36,2024-06-25
comuna 11,16525,87,2024-07-31
comuna 3,39378,55,2024-06-25
comuna 6,39861,83,2024-06-25
comuna 16,28706,37,2024-07-31
comuna 11,6056,91,2024-06-23
comuna 3,3433,16,2024-06-23
comuna 3,48062,65,2024-07-31
comuna 8,16501,36,2024-06-23
comuna 12,5302,60,2024-07-31
comuna 14,968,70,2024-06-23
comuna 8,37627,28,2024-01-30
comuna 10,35431,30,2024-07-31
comuna 12,18678,90,2024-06-25
comuna 14,27738,57,2024-06-25
comuna 14,32277,59,2024-06-23
comuna 6,11259,81,2024-01-30
comuna 1,21,91,2024-06-25
comuna 5,49136,78,2024-01-30
comuna 2,30832,47,2024-06-23
comuna 9,25606,85,2024-06-25
comuna 16,39701,51,2024-06-25
comuna 3,46266,45,2024-01-30
comuna 5,29989,89,2024-06-23
comuna 15,47435,24,2024-06-25
comuna 9,6644,99,2024-06-23
comuna 16,24512,51,2024-01-30
comuna 5,13286,83,2024-07-31
comuna 10,38332,41,2024-06-23
comuna 16,36160,67,2024-07-31
comuna 2,46421,38,2024-01-30
comuna 10,28042,99,2024-06-25
comuna 5,5384,44,2024-06-25
comuna 1,581,74,2024-06-23
comuna 8,5866,53,2024-06-25
comuna 2,41663,16,2024-07-31
comuna 1,49631,91,2024-01-30
comuna 13,25657,44,2024-07-31
comuna 5,13671,76,2024-01-30
comuna 3,2633,63,2024-06-25
comuna 11,2804,28,2024-01-30
comuna 6,295,58,2024-07-31
comuna 14,2408,17,2024-07-31
comuna 6,11028,39,2024-06-25
comuna 11,3824,52,2024-07-31
comuna 15,9118,10,2024-06-25
comuna 6,27183,58,2024-01-30
comuna 2,36690,76,2024-06-23
comuna 6,239,90,2024-06-23
comuna 13,39715,23,2024-07-31
comuna 9,33293,40,2024-07-31
comuna 6,17637,98,2024-06-25
comuna 7,27687,19,2024-06-23
comuna 1,6411,73,2024-07-31
comuna 9,11684,83,2024-01-30
comuna 6,7415,30,2024-06-23
comuna 9,28767,74,2024-06-23
comuna 7,49885,81,2024-06-25
comuna 2,1203,10,2024-06-23
comuna 16,43118,84,2024-01-30
comuna 12,43260,79,2024-07-31
comuna 2,35932,42,2024-07-31
comuna 10,25468,91,2024-07-31
comuna 3,43510,49,2024-01-30
comuna 14,30734,40,2024-07-31
comuna 4,27327,37,2024-06-23
comuna 4,38395,65,2024-06-25
comuna 2,42454,56,2024-06-25
comuna 16,29122,10,2024-07-31
comuna 10,24231,40,2024-01-30
comuna 14,30644,56,2024-06-23
comuna 2,22040,13,2024-06-23
comuna 15,18132,19,2024-01-30
comuna 5,23170,27,2024-06-25
comuna 1,10750,27,2024-01-30
comuna 13,48071,57,2024-06-23
comuna 5,36691,21,2024-06-25
comuna 5,49823,45,2024-07-31
comuna 14,10861,17,2024-01-30
comuna 13,10140,30,2024-01-30
comuna 5,15007,87,2024-01-30
comuna 11,12254,22,2024-01-30
comuna 5,45529,23,2024-07-31
comuna 15,2729,19,2024-06-23
comuna 11,9667,63,2024-01-30
comuna 12,17971,48,2024-01-30
comuna 9,1122,27,2024-01-30
comuna 13,34211,34,2024-06-23
comuna 3,17098,59,2024-06-25
comuna 4,34858,84,2024-01-30
comuna 7,18631,39,2024-01-30
comuna 4,36177,52,2024-06-23
comuna 1,9220,60,2024-01-30
comuna 1,45597,69,2024-07-31
comuna 7,10324,73,2024-06-25
comuna 1,43019,14,2024-06-25
comuna 11,42404,22,2024-07-31
comuna 9,9635,86,2024-06-23
comuna 6,28681,83,2024-06-23
comuna 2,2572,21,2024-01-30
comuna 12,6766,50,2024-07-31
comuna 6,11659,96,2024-06-23
comuna 7,42243,69,2024-06-23
comuna 1,5510,37,2024-06-23
comuna 8,29177,36,2024-06-23
comuna 10,22583,16,2024-07-31
comuna 16,47847,68,2024-06-23
comuna 5,38103,56,2024-06-25
comuna 8,28472,62,2024-01-30
comuna 4,5546,21,2024-01-30
comuna 4,13608,51,2024-06-25
comuna 12,18102,88,2024-01-30
comuna 7,25798,88,2024-01-30
comuna 14,17749,12,2024-01-30
comuna 7,19604,84,2024-01-30
comuna 1,47462,22,2024-07-31
comuna 10,36238,35,2024-06-25
comuna 10,41285,17,2024-06-23
comuna 5,47534,59,2024-06-23
comuna 14,7811,84,2024-06-25
comuna 15,44887,70,2024-06-25
comuna 1,34840,36,2024-06-23
comuna 16,13792,57,2024-06-25
comuna 9,48610,88,2024-06-23
comuna 11,36375,24,2024-01-30
comuna 11,10770,63,2024-01-30
comuna 4,35297,15,2024-01-30
comuna 13,6569,11,2024-01-30
comuna 7,42423,90,2024-06-23
comuna 9,42670,40,2024-06-23
comuna 2,23368,95,2024-07-31
comuna 4,32002,80,2024-06-23
comuna 13,45873,46,2024-06-23
comuna 6,30006,19,2024-06-23
comuna 10,37328,27,2024-01-30
comuna 6,1374,36,2024-06-23
comuna 5,8187,84,2024-01-30
comuna 15,16327,89,2024-06-25
comuna 16,42218,47,2024-06-23
comuna 4,44106,48,2024-06-23
comuna 9,8165,44,2024-01-30
comuna 14,21745,22,2024-06-25
comuna 10,38869,42,2024-01-30
comuna 4,49697,86,2024-06-25
comuna 6,17417,91,2024-06-25
comuna 9,37808,74,2024-06-23
comuna 9,15862,80,2024-01-30
comuna 4,34151,98,2024-06-25
comuna 8,336,95,2024-01-30
comuna 2,27130,43,2024-01-30
comuna 3,33510,25,2024-06-25
comuna 14,2784,12,2024-06-23
comuna 10,15157,84,2024-01-30
comuna 7,39694,27,2024-06-23
comuna 13,34588,74,2024-06-25
comuna 2,9588,49,2024-06-25
comuna 2,46098,19,2024-06-25
comuna 8,34616,11,2024-07-31
comuna 5,40008,69,2024-06-25
comuna 5,48335,32,2024-07-31
comuna 7,28165,64,2024-06-25
comuna 6,22023,12,2024-07-31
comuna 13,36462,97,2024-06-25
comuna 10,12597,34,2024-01-30
comuna 10,27635,57,2024-07-31
comuna 3,25395,19,2024-01-30
comuna 13,9651,45,2024-01-30
comuna 5,17403,42,2024-06-23
comuna 13,6005,52,2024-07-31
comuna 5,21479,47,2024-07-31
comuna 9,40532,27,2024-07-31
comuna 12,48674,21,2024-06-25
comuna 7,4048,40,2024-07-31
comuna 4,39185,45,2024-06-25
comuna 7,30537,72,2024-07-31
comuna 2,5728,59,2024-07-31
comuna 13,43601,40,2024-06-23
comuna 12,17701,89,2024-07-31
comuna 11,33679,66,2024-06-25
comuna 1,9905,37,2024-06-23
comuna 9,15306,69,2024-06-25
comuna 1,45671,14,2024-06-25
comuna 9,42052,51,2024-01-30
comuna 12,44066,71,2024-06-23
comuna 10,28037,25,2024-06-25
comuna 6,19790,91,2024-07-31
comuna 6,19625,89,2024-01-30
comuna 7,45560,54,2024-01-30
comuna 10,16591,85,2024-06-25
comuna 8,46225,49,2024-07-31
comuna 13,25558,39,2024-06-25
comuna 13,31032,46,2024-01-30
comuna 4,26099,84,2024-07-31
comuna 10,36921,28,2024-06-25
comuna 6,45331,17,2024-07-31
